instance_group,source_instances,reoptimization_instances,baseline_all_facilities__mean_gap_to_baseline_percent,max_k_cut_mst_range_guard__mean_gap_to_baseline_percent,max_k_cut_mst_trajectory__mean_gap_to_baseline_percent,max_k_cut_original__mean_gap_to_baseline_percent,max_k_cut_pairwise_trajectory__mean_gap_to_baseline_percent,baseline_all_facilities__mean_total_variant_seconds,max_k_cut_mst_range_guard__mean_total_variant_seconds,max_k_cut_mst_trajectory__mean_total_variant_seconds,max_k_cut_original__mean_total_variant_seconds,max_k_cut_pairwise_trajectory__mean_total_variant_seconds,baseline_all_facilities__mean_total_pipeline_seconds,max_k_cut_mst_range_guard__mean_total_pipeline_seconds,max_k_cut_mst_trajectory__mean_total_pipeline_seconds,max_k_cut_original__mean_total_pipeline_seconds,max_k_cut_pairwise_trajectory__mean_total_pipeline_seconds,baseline_all_facilities__mean_time_delta_to_baseline_seconds,max_k_cut_mst_range_guard__mean_time_delta_to_baseline_seconds,max_k_cut_mst_trajectory__mean_time_delta_to_baseline_seconds,max_k_cut_original__mean_time_delta_to_baseline_seconds,max_k_cut_pairwise_trajectory__mean_time_delta_to_baseline_seconds
WORK,4,20,0.0,0.02623120771720041,0.02623120771720041,0.02623120771720041,0.02623120771720041,0.025052518650409184,0.0005053691991633968,0.0005598291492788122,0.0005456098006106913,0.0004973698505637003,3.7833240694009875,3.7587769199497414,3.758831379899857,3.758817160551189,3.758768920601142,0.0,-0.024547149451245788,-0.02449268950113037,-0.024506908849798493,-0.024555148799845484
NOT WORK,4,20,0.0,0.003848003848003848,0.7730338294969715,0.32379803170059296,0.7730338294969715,0.012827812500108848,0.00022634375054622068,0.00041598919997341,0.0004502999985561473,0.0004220008497213712,0.4867808467504801,0.4741793780009175,0.4743690234503447,0.47440333424892744,0.47437503510009266,0.0,-0.012601468749562628,-0.012411823300135438,-0.0123775125015527,-0.012405811650387477
NOT NECESSARY,4,20,0.0,0.0,0.0,0.0,0.0,0.05902074830009951,0.0006540848498843843,0.0006673462492472026,0.000670639048985322,0.000664036851230776,6.714922094550275,6.65655543110006,6.656568692499422,6.656571985299161,6.656565383101406,0.0,-0.05836666345021513,-0.05835340205085231,-0.05835010925111419,-0.05835671144886874
